system,gpu_model,gpu_count,target_peak_concurrency,avg_peak_concurrency_assumed,max_peak_concurrency_assumed,estimated_total_price_usd,per_gpu_rps_est,total_rps_est,p50_est_s,p95_est_s,meets_p50_p95_target,total_gpu_msrp_usd,price_confirmed,price_confirmation_note,cost_tier,setup_complexity,assumptions
Workstation,RTX 3090,1,10,6.0,10,1499,1.013,1.013,4.46,7.38,Yes,1499,Yes,"NVIDIA 30-series announcement lists RTX 3090 starting at $1,499.",Low,Low,Scaled from GTX 1080 Ti benchmark using FP32 TFLOPs ratio; no batching gain modeled; p95 target 10s
Workstation,RTX 3090,3,25,15.0,30,4497,1.013,3.04,4.46,7.38,Yes,4497,Yes,"NVIDIA 30-series announcement lists RTX 3090 starting at $1,499.",Low,Med,Scaled from GTX 1080 Ti benchmark using FP32 TFLOPs ratio; no batching gain modeled; p95 target 10s
Workstation,RTX 3090,5,50,30.0,50,7495,1.013,5.067,4.46,7.38,Yes,7495,Yes,"NVIDIA 30-series announcement lists RTX 3090 starting at $1,499.",Med,High,Scaled from GTX 1080 Ti benchmark using FP32 TFLOPs ratio; no batching gain modeled; p95 target 10s
Workstation,RTX 4090,1,10,6.0,23,1599,2.352,2.352,1.92,3.18,Yes,1599,Yes,"NVIDIA announcement lists RTX 4090 starting at $1,599.",Low,Low,Scaled from GTX 1080 Ti benchmark using FP32 TFLOPs ratio; no batching gain modeled; p95 target 10s
Workstation,RTX 4090,2,25,15.0,47,3198,2.352,4.704,1.92,3.18,Yes,3198,Yes,"NVIDIA announcement lists RTX 4090 starting at $1,599.",Low,Med,Scaled from GTX 1080 Ti benchmark using FP32 TFLOPs ratio; no batching gain modeled; p95 target 10s
Workstation,RTX 4090,3,50,30.0,70,4797,2.352,7.056,1.92,3.18,Yes,4797,Yes,"NVIDIA announcement lists RTX 4090 starting at $1,599.",Low,Med,Scaled from GTX 1080 Ti benchmark using FP32 TFLOPs ratio; no batching gain modeled; p95 target 10s
Workstation,RTX 5090,1,10,6.0,29,1999,2.985,2.985,1.51,2.51,Yes,1999,No,"NVIDIA RTX 50-series pages show ""Starting at $XXX.XX"" (no MSRP on official page).",Low,Low,Scaled from GTX 1080 Ti benchmark using FP32 TFLOPs ratio; no batching gain modeled; p95 target 10s
Workstation,RTX 5090,1,25,15.0,29,1999,2.985,2.985,1.51,2.51,Yes,1999,No,"NVIDIA RTX 50-series pages show ""Starting at $XXX.XX"" (no MSRP on official page).",Low,Low,Scaled from GTX 1080 Ti benchmark using FP32 TFLOPs ratio; no batching gain modeled; p95 target 10s
Workstation,RTX 5090,2,50,30.0,59,3998,2.985,5.97,1.51,2.51,Yes,3998,No,"NVIDIA RTX 50-series pages show ""Starting at $XXX.XX"" (no MSRP on official page).",Low,Med,Scaled from GTX 1080 Ti benchmark using FP32 TFLOPs ratio; no batching gain modeled; p95 target 10s
